{
  "project_info": {
    "project_number": "980229799640",
    "project_id": "l5z2-ea385",
    "storage_bucket": "l5z2-ea385.appspot.com"
  },
  "client": [
    {
      "client_info": {
        "mobilesdk_app_id": "1:980229799640:android:a9ec78613bc459257b61ad",
        "android_client_info": {
          "package_name": "com.example.l5z2"
        }
      },
      "oauth_client": [
        {
          "client_id": "980229799640-m9o0silk60d56bn5mh5tlakh1dg5qvlf.apps.googleusercontent.com",
          "client_type": 3
        }
      ],
      "api_key": [
        {
          "current_key": "AIzaSyA46oioxZkVP_YtyJmpwxvBSXO2fSUxXoQ"
        }
      ],
      "services": {
        "appinvite_service": {
          "other_platform_oauth_client": [
            {
              "client_id": "980229799640-m9o0silk60d56bn5mh5tlakh1dg5qvlf.apps.googleusercontent.com",
              "client_type": 3
            }
          ]
        }
      }
    }
  ],
  "configuration_version": "1"
}