{
  "formatVersion": 1,
  "database": {
    "version": 1,
    "identityHash": "85231ea31c34752a6815de750076b1e3",
    "entities": [
      {
        "tableName": "TodoItem",
        "createSql": "CREATE TABLE IF NOT EXISTS `${TABLE_NAME}` (`id` INTEGER NOT NULL, `text` TEXT NOT NULL, `creation_date` TEXT NOT NULL, `finish_date` TEXT NOT NULL, `priority` TEXT NOT NULL, `category` TEXT NOT NULL, PRIMARY KEY(`id`))",
        "fields": [
          {
            "fieldPath": "id",
            "columnName": "id",
            "affinity": "INTEGER",
            "notNull": true
          },
          {
            "fieldPath": "text",
            "columnName": "text",
            "affinity": "TEXT",
            "notNull": true
          },
          {
            "fieldPath": "creationDate",
            "columnName": "creation_date",
            "affinity": "TEXT",
            "notNull": true
          },
          {
            "fieldPath": "targetFinishDate",
            "columnName": "finish_date",
            "affinity": "TEXT",
            "notNull": true
          },
          {
            "fieldPath": "priority",
            "columnName": "priority",
            "affinity": "TEXT",
            "notNull": true
          },
          {
            "fieldPath": "category",
            "columnName": "category",
            "affinity": "TEXT",
            "notNull": true
          }
        ],
        "primaryKey": {
          "columnNames": [
            "id"
          ],
          "autoGenerate": false
        },
        "indices": [],
        "foreignKeys": []
      }
    ],
    "views": [],
    "setupQueries": [
      "CREATE TABLE IF NOT EXISTS room_master_table (id INTEGER PRIMARY KEY,identity_hash TEXT)",
      "INSERT OR REPLACE INTO room_master_table (id,identity_hash) VALUES(42, '85231ea31c34752a6815de750076b1e3')"
    ]
  }
}