{
  "project_info": {
    "project_number": "988401305844",
    "project_id": "l6z2-df34d",
    "storage_bucket": "l6z2-df34d.appspot.com"
  },
  "client": [
    {
      "client_info": {
        "mobilesdk_app_id": "1:988401305844:android:e7be4e21713aa1918076a1",
        "android_client_info": {
          "package_name": "com.example.l6z2"
        }
      },
      "oauth_client": [
        {
          "client_id": "988401305844-46t3b03t7h4r33a2om9nrbopv7vd0kr1.apps.googleusercontent.com",
          "client_type": 3
        }
      ],
      "api_key": [
        {
          "current_key": "AIzaSyAxjMBJLW6nXlIK-8umq0OUdKmhZ7qWoDI"
        }
      ],
      "services": {
        "appinvite_service": {
          "other_platform_oauth_client": [
            {
              "client_id": "988401305844-46t3b03t7h4r33a2om9nrbopv7vd0kr1.apps.googleusercontent.com",
              "client_type": 3
            }
          ]
        }
      }
    }
  ],
  "configuration_version": "1"
}